"id","name","code","reconcile","chart_template_id/id","user_type_id/id"
"pcg_1111","Capital social","1111","False","l10n_kzc_temp_chart","account.data_account_type_equity"
"pcg_1112","Fonds de dotation","1112","False","l10n_kzc_temp_chart","account.data_account_type_equity"
"pcg_11171","Capital individuel","11171","False","l10n_kzc_temp_chart","account.data_account_type_equity"
"pcg_11175","Compte de l'exploitant","11175","False","l10n_kzc_temp_chart","account.data_account_type_equity"
"pcg_1119","Actionnaires, capital souscrit-non appelé","1119","False","l10n_kzc_temp_chart","account.data_account_type_equity"
"pcg_1121","Primes d'émission","1121","False","l10n_kzc_temp_chart","account.data_account_type_equity"
"pcg_1122","Primes de fusion","1122","False","l10n_kzc_temp_chart","account.data_account_type_equity"
"Pcg_1123","Primes d'apport","1123","False","l10n_kzc_temp_chart","account.data_account_type_equity"
"pcg_1130","Écarts de réévaluation","1130","False","l10n_kzc_temp_chart","account.data_account_type_equity"
"pcg_1140","Réserve légale","1140","False","l10n_kzc_temp_chart","account.data_account_type_equity"
"pcg_1151","Réserves statutaires ou contractuelles","1151","False","l10n_kzc_temp_chart","account.data_account_type_equity"
"pcg_1152","Réserves facultatives","1152","False","l10n_kzc_temp_chart","account.data_account_type_equity"
"pcg_1155","Réserves réglementées","1155","False","l10n_kzc_temp_chart","account.data_account_type_equity"
"pcg_1161","Report à  nouveau (solde créditeur)","1161","False","l10n_kzc_temp_chart","account.data_account_type_equity"
"pcg_1169","Report à  nouveau (solde débiteur)","1169","False","l10n_kzc_temp_chart","account.data_account_type_equity"
"pcg_1181","Résultats nets en instance d'affectation (solde créditeur)","1181","False","l10n_kzc_temp_chart","account.data_account_type_equity"
"pcg_1189","Résultats nets en instance d'affectation (solde débiteur)","1189","False","l10n_kzc_temp_chart","account.data_account_type_equity"
"pcg_1191","Résultat net de l'exercice (solde créditeur)","1191","False","l10n_kzc_temp_chart","account.data_account_type_equity"
"pcg_1199","Résultat net de l'exercice (solde débiteur)","1199","False","l10n_kzc_temp_chart","account.data_account_type_equity"
"pcg_1311","Subventions d'investissement reçues","1311","False","l10n_kzc_temp_chart","account.data_account_type_equity"
"pcg_1319","Subventions d'investissement inscrites au CPC","1319","False","l10n_kzc_temp_chart","account.data_account_type_equity"
"pcg_1351","Provisions pour amortissements dérogatoires","1351","False","l10n_kzc_temp_chart","account.data_account_type_equity"
"pcg_1352","Provisions pour plus-values en instance d'imposition","1352","False","l10n_kzc_temp_chart","account.data_account_type_equity"
"pcg_1354","Provisions pour investissements","1354","False","l10n_kzc_temp_chart","account.data_account_type_equity"
"pcg_1355","Provisions pour reconstitution des gisements","1355","False","l10n_kzc_temp_chart","account.data_account_type_equity"
"pcg_1356","Provisions pour acquisition et construction de logements","1356","False","l10n_kzc_temp_chart","account.data_account_type_equity"
"pcg_1358","Autres provisions réglementées","1358","False","l10n_kzc_temp_chart","account.data_account_type_equity"
"pcg_1410","Emprunts obligataires","1410","False","l10n_kzc_temp_chart","account.data_account_type_non_current_liabilities"
"pcg_1481","Emprunts auprès des établissements de crédit","1481","False","l10n_kzc_temp_chart","account.data_account_type_non_current_liabilities"
"pcg_1482","Avances de l'Etat","1482","False","l10n_kzc_temp_chart","account.data_account_type_non_current_liabilities"
"pcg_1483","Dettes rattachées à  des participations","1483","False","l10n_kzc_temp_chart","account.data_account_type_non_current_liabilities"
"pcg_1484","Billets de fonds","1484","False","l10n_kzc_temp_chart","account.data_account_type_non_current_liabilities"
"pcg_1485","Avances reçues et comptes courants bloqués","1485","False","l10n_kzc_temp_chart","account.data_account_type_non_current_liabilities"
"pcg_1486","Fournisseurs d'immobilisation","1486","False","l10n_kzc_temp_chart","account.data_account_type_non_current_liabilities"
"pcg_1487","Dépôts et cautionnements reçues","1487","False","l10n_kzc_temp_chart","account.data_account_type_non_current_liabilities"
"pcg_1488","Dettes de financement diverses","1488","False","l10n_kzc_temp_chart","account.data_account_type_non_current_liabilities"
"pcg_1511","Provisions pour litiges","1511","False","l10n_kzc_temp_chart","account.data_account_type_current_assets"
"pcg_1512","Provisions pour garanties données aux clients","1512","False","l10n_kzc_temp_chart","account.data_account_type_current_assets"
"pcg_1513","Provisions pour propre assureur","1513","False","l10n_kzc_temp_chart","account.data_account_type_current_assets"
"pcg_1514","Provision pour pertes sur marchés à  terme","1514","False","l10n_kzc_temp_chart","account.data_account_type_current_assets"
"pcg_1515","Provisions pour amendes, double droits, pénalités","1515","False","l10n_kzc_temp_chart","account.data_account_type_current_assets"
"pcg_1516","Provisions pour pertes de change","1516","False","l10n_kzc_temp_chart","account.data_account_type_current_assets"
"pcg_1518","Autres provisions pour risques","1518","False","l10n_kzc_temp_chart","account.data_account_type_current_assets"
"pcg_1551","Provisions pour impôts","1551","False","l10n_kzc_temp_chart","account.data_account_type_current_assets"
"pcg_1552","Provisions pour pensions de retraite et obligations similaires","1552","False","l10n_kzc_temp_chart","account.data_account_type_current_assets"
"pcg_1555","Provisions pour charges à  répartir sur plusieurs exercices","1555","False","l10n_kzc_temp_chart","account.data_account_type_current_assets"
"pcg_1558","Autres provisions pour charges","1558","False","l10n_kzc_temp_chart","account.data_account_type_current_assets"
"pcg_1601","Comptes de liaison du siège","1601","False","l10n_kzc_temp_chart","account.data_account_type_current_assets"
"pcg_1605","Comptes de liaison des établissements","1605","False","l10n_kzc_temp_chart","account.data_account_type_current_assets"
"pcg_1710","Augmentation des créances immobilisées","1710","False","l10n_kzc_temp_chart","account.data_account_type_current_assets"
"pcg_1720","Diminution des dettes de financement","1720","False","l10n_kzc_temp_chart","account.data_account_type_current_assets"
"pcg_2111","Frais de constitution","2111","False","l10n_kzc_temp_chart","account.data_account_type_current_assets"
"pcg_2112","Frais préalables au démarrage","2112","False","l10n_kzc_temp_chart","account.data_account_type_current_assets"
"pcg_2113","Frais d'augmentation du capital","2113","False","l10n_kzc_temp_chart","account.data_account_type_current_assets"
"pcg_2114","Frais sur opérations de fusions, scissions et transformations","2114","False","l10n_kzc_temp_chart","account.data_account_type_current_assets"
"pcg_2116","Frais de prospection","2116","False","l10n_kzc_temp_chart","account.data_account_type_current_assets"
"pcg_2117","Frais de publicité","2117","False","l10n_kzc_temp_chart","account.data_account_type_current_assets"
"pcg_2118","Autres frais préliminaires","2118","False","l10n_kzc_temp_chart","account.data_account_type_current_assets"
"pcg_2121","Frais d acquisition des immobilisations","2121","False","l10n_kzc_temp_chart","account.data_account_type_current_assets"
"pcg_2125","Frais d'émission des emprunts","2125","False","l10n_kzc_temp_chart","account.data_account_type_current_assets"
"pcg_2128","Autres charges à  répartir","2128","False","l10n_kzc_temp_chart","account.data_account_type_current_assets"
"pcg_2130","Primes de remboursement des obligations","2130","False","l10n_kzc_temp_chart","account.data_account_type_current_assets"
"pcg_2210","Immobilisation en recherche et développement","2210","False","l10n_kzc_temp_chart","account.data_account_type_current_assets"
"pcg_2220","Brevets, marques, droits et valeurs similaires","2220","False","l10n_kzc_temp_chart","account.data_account_type_current_assets"
"pcg_2230","Fonds commercial","2230","False","l10n_kzc_temp_chart","account.data_account_type_current_assets"
"pcg_2285","Autres immobilisations incorporelles","2285","False","l10n_kzc_temp_chart","account.data_account_type_current_assets"
"pcg_2311","Terrains nus","2311","False","l10n_kzc_temp_chart","account.data_account_type_current_assets"
"pcg_2312","Terrains aménagés","2312","False","l10n_kzc_temp_chart","account.data_account_type_current_assets"
"pcg_2313","Terrains bâtis","2313","False","l10n_kzc_temp_chart","account.data_account_type_current_assets"
"pcg_2314","Terrains de gisement","2314","False","l10n_kzc_temp_chart","account.data_account_type_current_assets"
"pcg_2316","Agencements et aménagements de terrains","2316","False","l10n_kzc_temp_chart","account.data_account_type_current_assets"
"pcg_2318","Autres terrains","2318","False","l10n_kzc_temp_chart","account.data_account_type_current_assets"
"pcg_23211","Bâtiments industriels (A,B,,,)","23211","False","l10n_kzc_temp_chart","account.data_account_type_current_assets"
"pcg_23214","Bâtiments Administratifs et commerciaux","23214","False","l10n_kzc_temp_chart","account.data_account_type_current_assets"
"pcg_23218","Autres bâtiments","23218","False","l10n_kzc_temp_chart","account.data_account_type_current_assets"
"pcg_2323","Constructions sur terrains d'autrui","2323","False","l10n_kzc_temp_chart","account.data_account_type_current_assets"
"pcg_2325","Ouvrages d'infrastructure","2325","False","l10n_kzc_temp_chart","account.data_account_type_current_assets"
"pcg_2327","Agencements et aménagements des constructions","2327","False","l10n_kzc_temp_chart","account.data_account_type_current_assets"
"pcg_2328","Autres constructions","2328","False","l10n_kzc_temp_chart","account.data_account_type_current_assets"
"pcg_2331","Installations techniques","2331","False","l10n_kzc_temp_chart","account.data_account_type_current_assets"
"pcg_23321","Matériel","23321","False","l10n_kzc_temp_chart","account.data_account_type_current_assets"
"pcg_23324","Outillage","23324","False","l10n_kzc_temp_chart","account.data_account_type_current_assets"
"pcg_2333","Emballages récupérables identifiables","2333","False","l10n_kzc_temp_chart","account.data_account_type_current_assets"
"pcg_2338","Autres installations techniques, matériel et outillage","2338","False","l10n_kzc_temp_chart","account.data_account_type_current_assets"
"pcg_2340","Matériel de transport","2340","False","l10n_kzc_temp_chart","account.data_account_type_current_assets"
"pcg_2351","Mobilier de bureau","2351","False","l10n_kzc_temp_chart","account.data_account_type_current_assets"
"pcg_2352","Matériel de bureau","2352","False","l10n_kzc_temp_chart","account.data_account_type_current_assets"
"pcg_2355","Matériel informatique","2355","False","l10n_kzc_temp_chart","account.data_account_type_current_assets"
"pcg_2356","Agencements, installations et aménagements divers (biens n'appartenant pas à  l'entreprise)","2356","False","l10n_kzc_temp_chart","account.data_account_type_current_assets"
"pcg_2358","Autres mobilier, matériel de bureau et aménagements divers","2358","False","l10n_kzc_temp_chart","account.data_account_type_current_assets"
"pcg_2380","Autres immobilisations corporelles","2380","False","l10n_kzc_temp_chart","account.data_account_type_current_assets"
"pcg_2392","Immobilisations corporelles en cours des terrains et constructions","2392","False","l10n_kzc_temp_chart","account.data_account_type_current_assets"
"pcg_2393","Immobilisations corporelles en cours des installations techniques, matériel et outillage","2393","False","l10n_kzc_temp_chart","account.data_account_type_current_assets"
"pcg_2394","Immobilisations corporelles en cours de matériel de transport","2394","False","l10n_kzc_temp_chart","account.data_account_type_current_assets"
"pcg_2395","Immobilisations corporelles en cours de mobilier, matériel de bureau et aménagements divers","2395","False","l10n_kzc_temp_chart","account.data_account_type_current_assets"
"pcg_2397","Avances et acomptes versés sur commandes d'immobilisations corporelles","2397","False","l10n_kzc_temp_chart","account.data_account_type_current_assets"
"pcg_2398","Autres immobilisations corporelles en cours","2398","False","l10n_kzc_temp_chart","account.data_account_type_current_assets"
"pcg_2411","Prêts au personnel","2411","False","l10n_kzc_temp_chart","account.data_account_type_current_assets"
"pcg_2415","Prêts aux associés","2415","False","l10n_kzc_temp_chart","account.data_account_type_current_assets"
"pcg_2416","Billets de fonds","2416","False","l10n_kzc_temp_chart","account.data_account_type_current_assets"
"pcg_2418","Autres prêts","2418","False","l10n_kzc_temp_chart","account.data_account_type_current_assets"
"pcg_24811","Obligations","24811","False","l10n_kzc_temp_chart","account.data_account_type_current_assets"
"pcg_24813","Bons d'équipement","24813","False","l10n_kzc_temp_chart","account.data_account_type_current_assets"
"pcg_24818","Bons divers","24818","False","l10n_kzc_temp_chart","account.data_account_type_current_assets"
"pcg_2483","Créances rattachées à  des participations","2483","False","l10n_kzc_temp_chart","account.data_account_type_current_assets"
"pcg_24861","Dépôts","24861","False","l10n_kzc_temp_chart","account.data_account_type_current_assets"
"pcg_24864","Cautionnements","24864","False","l10n_kzc_temp_chart","account.data_account_type_current_assets"
"pcg_2487","Créances immobilisées","2487","False","l10n_kzc_temp_chart","account.data_account_type_current_assets"
"pcg_2488","Créances financières diverses","2488","False","l10n_kzc_temp_chart","account.data_account_type_current_assets"
"pcg_2510","Titres de participation","2510","False","l10n_kzc_temp_chart","account.data_account_type_current_assets"
"pcg_2581","Actions","2581","False","l10n_kzc_temp_chart","account.data_account_type_current_assets"
"pcg_2588","Titres divers","2588","False","l10n_kzc_temp_chart","account.data_account_type_current_assets"
"pcg_2710","Diminution des créances immobilisées","2710","False","l10n_kzc_temp_chart","account.data_account_type_current_assets"
"pcg_2720","Augmentation des dettes de financement","2720","False","l10n_kzc_temp_chart","account.data_account_type_current_assets"
"pcg_28111","Amortissements des frais de constitution","28111","False","l10n_kzc_temp_chart","account.data_account_type_current_assets"
"pcg_28112","Amortissements des frais préliminaires au démarrage","28112","False","l10n_kzc_temp_chart","account.data_account_type_current_assets"
"pcg_28113","Amortissements des frais d'augmentation du capital","28113","False","l10n_kzc_temp_chart","account.data_account_type_current_assets"
"pcg_28114","Amortissements des frais sur opérations de fusions, scissions, et transformations","28114","False","l10n_kzc_temp_chart","account.data_account_type_current_assets"
"pcg_28116","Amortissements des frais de prospection","28116","False","l10n_kzc_temp_chart","account.data_account_type_current_assets"
"pcg_28117","Amortissements des frais de publicité","28117","False","l10n_kzc_temp_chart","account.data_account_type_current_assets"
"pcg_28118","Amortissements des autres frais préliminaires","28118","False","l10n_kzc_temp_chart","account.data_account_type_current_assets"
"pcg_28121","Amortissements des frais d'acquisition des immobilisations","28121","False","l10n_kzc_temp_chart","account.data_account_type_current_assets"
"pcg_28125","Amortissements des frais d'émission des emprunts","28125","False","l10n_kzc_temp_chart","account.data_account_type_current_assets"
"pcg_28128","Amortissements des autres charges à  répartir","28128","False","l10n_kzc_temp_chart","account.data_account_type_current_assets"
"pcg_2821","Amortissements de l'immobilisation en recherche et développement","2821","False","l10n_kzc_temp_chart","account.data_account_type_current_assets"
"pcg_2822","Amortissements des brevets, marques, droits et valeurs similaires","2822","False","l10n_kzc_temp_chart","account.data_account_type_current_assets"
"pcg_2823","Amortissements du fonds commercial","2823","False","l10n_kzc_temp_chart","account.data_account_type_current_assets"
"pcg_2828","Amortissements des autres immobilisations incorporelles","2828","False","l10n_kzc_temp_chart","account.data_account_type_current_assets"
"pcg_28311","Amortissements des terrains nus","28311","False","l10n_kzc_temp_chart","account.data_account_type_current_assets"
"pcg_28312","Amortissements des terrains aménagés","28312","False","l10n_kzc_temp_chart","account.data_account_type_current_assets"
"pcg_28313","Amortissements des terrains bâtis","28313","False","l10n_kzc_temp_chart","account.data_account_type_current_assets"
"pcg_28314","Amortissements des terrains de gisement","28314","False","l10n_kzc_temp_chart","account.data_account_type_current_assets"
"pcg_28316","Amortissements des agencements et aménagements de terrains","28316","False","l10n_kzc_temp_chart","account.data_account_type_current_assets"
"pcg_28318","Amortissements des autres terrains","28318","False","l10n_kzc_temp_chart","account.data_account_type_current_assets"
"pcg_28321","Amortissements des bâtiments","28321","False","l10n_kzc_temp_chart","account.data_account_type_current_assets"
"pcg_28323","Amortissements des constructions sur terrains d'autrui","28323","False","l10n_kzc_temp_chart","account.data_account_type_current_assets"
"pcg_28325","Amortissements des ouvrages d'infrastructure","28325","False","l10n_kzc_temp_chart","account.data_account_type_current_assets"
"pcg_28327","Amortissements des installations, agencements et aménagements des constructions","28327","False","l10n_kzc_temp_chart","account.data_account_type_current_assets"
"pcg_28328","Amortissements des autres constructions","28328","False","l10n_kzc_temp_chart","account.data_account_type_current_assets"
"pcg_28331","Amortissements des installations techniques","28331","False","l10n_kzc_temp_chart","account.data_account_type_current_assets"
"pcg_28332","Amortissements du matériel et outillage","28332","False","l10n_kzc_temp_chart","account.data_account_type_current_assets"
"pcg_28333","Amortissements des emballages récupérables identifiables","28333","False","l10n_kzc_temp_chart","account.data_account_type_current_assets"
"pcg_28338","Amortissements des autres installations techniques, matériel et outillage","28338","False","l10n_kzc_temp_chart","account.data_account_type_current_assets"
"pcg_2834","Amortissements du matériel de transport","2834","False","l10n_kzc_temp_chart","account.data_account_type_current_assets"
"pcg_28351","Amortissements du mobilier de bureau","28351","False","l10n_kzc_temp_chart","account.data_account_type_current_assets"
"pcg_28352","Amortissements du matériel de bureau","28352","False","l10n_kzc_temp_chart","account.data_account_type_current_assets"
"pcg_28355","Amortissements du matériel informatique","28355","False","l10n_kzc_temp_chart","account.data_account_type_current_assets"
"pcg_28356","Amortissements des agencements, installations et aménagements divers","28356","False","l10n_kzc_temp_chart","account.data_account_type_current_assets"
"pcg_28358","Amortissements des autres mobilier, matériel de bureau et aménagements divers","28358","False","l10n_kzc_temp_chart","account.data_account_type_current_assets"
"pcg_2838","Amortissements des autres immobilisations corporelles","2838","False","l10n_kzc_temp_chart","account.data_account_type_current_assets"
"pcg_2920","Provisions pour dépréciation des immobilisations incorporelles","2920","False","l10n_kzc_temp_chart","account.data_account_type_current_assets"
"pcg_2930","Provisions pour dépréciation des immobilisations corporelles","2930","False","l10n_kzc_temp_chart","account.data_account_type_current_assets"
"pcg_2941","Provisions pour dépréciation des prêts immobilisés","2941","False","l10n_kzc_temp_chart","account.data_account_type_current_assets"
"pcg_2948","Provisions pour dépréciation des autres créances financières","2948","False","l10n_kzc_temp_chart","account.data_account_type_current_assets"
"pcg_2951","Provisions pour dépréciation des titres de participation","2951","False","l10n_kzc_temp_chart","account.data_account_type_current_assets"
"pcg_2958","Provisions pour dépréciation des autres titres immobilisés","2958","False","l10n_kzc_temp_chart","account.data_account_type_current_assets"
"pcg_3111","Marchandises (groupe A)","3111","False","l10n_kzc_temp_chart","account.data_account_type_revenue"
"pcg_3112","Marchandises (groupe B)","3112","False","l10n_kzc_temp_chart","account.data_account_type_revenue"
"pcg_3116","Marchandises en cours de route","3116","False","l10n_kzc_temp_chart","account.data_account_type_revenue"
"pcg_3118","Autres marchandises","3118","False","l10n_kzc_temp_chart","account.data_account_type_revenue"
"pcg_31211","Matières premières (groupe A)","31211","False","l10n_kzc_temp_chart","account.data_account_type_revenue"
"pcg_31212","Matières premières (groupe B)","31212","False","l10n_kzc_temp_chart","account.data_account_type_revenue"
"pcg_31221","Matières consommables (groupe A)","31221","False","l10n_kzc_temp_chart","account.data_account_type_revenue"
"pcg_31222","Matières consommables (groupe B)","31222","False","l10n_kzc_temp_chart","account.data_account_type_revenue"
"pcg_31223","Combustibles","31223","False","l10n_kzc_temp_chart","account.data_account_type_revenue"
"pcg_31224","Produits d'entretien","31224","False","l10n_kzc_temp_chart","account.data_account_type_revenue"
"pcg_31225","Fournitures d'atelier et d'usine","31225","False","l10n_kzc_temp_chart","account.data_account_type_revenue"
"pcg_31226","Fournitures de magasin","31226","False","l10n_kzc_temp_chart","account.data_account_type_revenue"
"pcg_31227","Fournitures de bureau","31227","False","l10n_kzc_temp_chart","account.data_account_type_revenue"
"pcg_31231","Emballages perdus","31231","False","l10n_kzc_temp_chart","account.data_account_type_revenue"
"pcg_31232","Emballages récupérables non identifiables","31232","False","l10n_kzc_temp_chart","account.data_account_type_revenue"
"pcg_31233","Emballages à  usage mixte","31233","False","l10n_kzc_temp_chart","account.data_account_type_revenue"
"pcg_3126","Matières et fournitures consommables en cours de route","3126","False","l10n_kzc_temp_chart","account.data_account_type_revenue"
"pcg_3128","Autres matières et fournitures consommables","3128","False","l10n_kzc_temp_chart","account.data_account_type_revenue"
"pcg_31311","Biens produits en cours","31311","False","l10n_kzc_temp_chart","account.data_account_type_revenue"
"pcg_31312","Biens intermédiaires en cours","31312","False","l10n_kzc_temp_chart","account.data_account_type_revenue"
"pcg_31317","Biens résiduels en cours","31317","False","l10n_kzc_temp_chart","account.data_account_type_revenue"
"pcg_31341","Travaux en cours","31341","False","l10n_kzc_temp_chart","account.data_account_type_revenue"
"pcg_31342","Études en cours","31342","False","l10n_kzc_temp_chart","account.data_account_type_revenue"
"pcg_31343","Prestations en cours","31343","False","l10n_kzc_temp_chart","account.data_account_type_revenue"
"pcg_3138","Autres produits en cours","3138","False","l10n_kzc_temp_chart","account.data_account_type_revenue"
"pcg_31411","Produits intermédiaires (groupe A)","31411","False","l10n_kzc_temp_chart","account.data_account_type_revenue"
"pcg_31412","Produits intermédiaires (groupe B)","31412","False","l10n_kzc_temp_chart","account.data_account_type_revenue"
"pcg_31451","Déchets","31451","False","l10n_kzc_temp_chart","account.data_account_type_revenue"
"pcg_31452","Rebuts","31452","False","l10n_kzc_temp_chart","account.data_account_type_revenue"
"pcg_31453","Matières de récupération","31453","False","l10n_kzc_temp_chart","account.data_account_type_revenue"
"pcg_3148","Autres produits intermédiaires et produits résiduels","3148","False","l10n_kzc_temp_chart","account.data_account_type_revenue"
"pcg_3151","Produits finis (groupe A)","3151","False","l10n_kzc_temp_chart","account.data_account_type_revenue"
"pcg_3152","Produits finis (groupe B)","3152","False","l10n_kzc_temp_chart","account.data_account_type_revenue"
"pcg_3156","Produits finis en cours de route","3156","False","l10n_kzc_temp_chart","account.data_account_type_revenue"
"pcg_3158","Autres produits finis","3158","False","l10n_kzc_temp_chart","account.data_account_type_revenue"
"pcg_3411","Fournisseurs - avances et acomptes versés sur commandes d'exploitation","3411","True","l10n_kzc_temp_chart","account.data_account_type_current_liabilities"
"pcg_3413","Fournisseurs - créances pour emballages et matériel à  rendre","3413","True","l10n_kzc_temp_chart","account.data_account_type_current_liabilities"
"pcg_3417","Rabais, remises et ristournes à  obtenir - avoirs non encore reçus","3417","True","l10n_kzc_temp_chart","account.data_account_type_current_liabilities"
"pcg_3418","Autres fournisseurs débiteurs","3418","True","l10n_kzc_temp_chart","account.data_account_type_current_liabilities"
"pcg_34211","Clients - catégorie A","34211","True","l10n_kzc_temp_chart","account.data_account_type_receivable"
"pcg_34212","Clients - catégorie B","34212","True","l10n_kzc_temp_chart","account.data_account_type_receivable"
"pcg_3423","Clients - retenues de garantie","3423","True","l10n_kzc_temp_chart","account.data_account_type_current_assets"
"pcg_3424","Clients douteux ou litigieux","3424","True","l10n_kzc_temp_chart","account.data_account_type_current_assets"
"pcg_3425","Clients - effets à  recevoir","3425","True","l10n_kzc_temp_chart","account.data_account_type_current_assets"
"pcg_34271","Clients - factures à  établir","34271","True","l10n_kzc_temp_chart","account.data_account_type_current_assets"
"pcg_34272","Créances sur travaux non encore facturés","34272","True","l10n_kzc_temp_chart","account.data_account_type_current_assets"
"pcg_3428","Autres clients et comptes rattachés","3428","True","l10n_kzc_temp_chart","account.data_account_type_current_assets"
"pcg_3431","Avances et acomptes au personnel","3431","True","l10n_kzc_temp_chart","account.data_account_type_current_assets"
"pcg_3438","Personnel - autres débiteurs","3438","True","l10n_kzc_temp_chart","account.data_account_type_current_assets"
"pcg_34511","Subventions d'investissement à  recevoir","34511","True","l10n_kzc_temp_chart","account.data_account_type_current_assets"
"pcg_34512","Subventions d'exploitation à  recevoir","34512","True","l10n_kzc_temp_chart","account.data_account_type_current_assets"
"pcg_34513","Subventions d'équilibre à  recevoir","34513","True","l10n_kzc_temp_chart","account.data_account_type_current_assets"
"pcg_3453","Acomptes sur impôts sur les résultats","3453","True","l10n_kzc_temp_chart","account.data_account_type_current_assets"
"pcg_34551","Etat - TVA récupérable sur immobilisations","34551","True","l10n_kzc_temp_chart","account.data_account_type_current_assets"
"pcg_3455207","Etat - TVA récupérable sur charges 7%","3455207","True","l10n_kzc_temp_chart","account.data_account_type_current_assets"
"pcg_3455210","Etat - TVA récupérable sur charges 10%","3455210","True","l10n_kzc_temp_chart","account.data_account_type_current_assets"
"pcg_3455214","Etat - TVA récupérable sur charges 14%","3455214","True","l10n_kzc_temp_chart","account.data_account_type_current_assets"
"pcg_3455220","Etat - TVA récupérable sur charges 20%","3455220","True","l10n_kzc_temp_chart","account.data_account_type_current_assets"
"pcg_3456","Etat - crédit de TVA (suivant déclaration)","3456","True","l10n_kzc_temp_chart","account.data_account_type_current_assets"
"pcg_3458","Etat - autres comptes débiteurs","3458","True","l10n_kzc_temp_chart","account.data_account_type_current_assets"
"pcg_3461","Associés - comptes d'apport en société","3461","True","l10n_kzc_temp_chart","account.data_account_type_current_assets"
"pcg_3462","Actionnaires - capital souscrit et appelé non versé","3462","True","l10n_kzc_temp_chart","account.data_account_type_current_assets"
"pcg_3463","Comptes courants des associés débiteurs","3463","True","l10n_kzc_temp_chart","account.data_account_type_current_assets"
"pcg_3464","Associés - opérations faites en commun","3464","True","l10n_kzc_temp_chart","account.data_account_type_current_assets"
"pcg_3467","Créances rattachées aux comptes d'associés","3467","True","l10n_kzc_temp_chart","account.data_account_type_current_assets"
"pcg_3468","Autres comptes d'associés débiteurs","3468","True","l10n_kzc_temp_chart","account.data_account_type_current_assets"
"pcg_3481","Créances sur cessions d'immobilisations","3481","True","l10n_kzc_temp_chart","account.data_account_type_current_assets"
"pcg_3482","Créances sur cessions d'éléments d'actif circulant","3482","True","l10n_kzc_temp_chart","account.data_account_type_current_assets"
"pcg_3487","Créances rattachées aux autres débiteurs","3487","True","l10n_kzc_temp_chart","account.data_account_type_current_assets"
"pcg_3488","Divers débiteurs","3488","True","l10n_kzc_temp_chart","account.data_account_type_current_assets"
"pcg_3491","Charges constatées d'avance","3491","True","l10n_kzc_temp_chart","account.data_account_type_current_assets"
"pcg_3493","Intérêts courus et non échus à  percevoir","3493","True","l10n_kzc_temp_chart","account.data_account_type_current_assets"
"pcg_3495","Comptes de répartition périodique des charges","3495","True","l10n_kzc_temp_chart","account.data_account_type_current_assets"
"pcg_3497","Comptes transitoires ou d'attente - débiteurs","3497","True","l10n_kzc_temp_chart","account.data_account_type_current_assets"
"pcg_3501","Actions, partie libérée","3501","False","l10n_kzc_temp_chart","account.data_account_type_current_assets"
"pcg_3502","Actions, partie non libérée","3502","False","l10n_kzc_temp_chart","account.data_account_type_current_assets"
"pcg_3504","Obligations","3504","False","l10n_kzc_temp_chart","account.data_account_type_current_assets"
"pcg_35061","Bons de caisse","35061","False","l10n_kzc_temp_chart","account.data_account_type_current_assets"
"pcg_35062","Bons de trésor","35062","False","l10n_kzc_temp_chart","account.data_account_type_current_assets"
"pcg_3508","Autres titres et valeurs de placement similaires","3508","False","l10n_kzc_temp_chart","account.data_account_type_current_assets"
"pcg_3701","Diminution des créances circulantes","3701","False","l10n_kzc_temp_chart","account.data_account_type_current_assets"
"pcg_3702","Augmentation des dettes circulantes","3702","False","l10n_kzc_temp_chart","account.data_account_type_current_assets"
"pcg_3911","Provisions pour dépréciation des marchandises","3911","False","l10n_kzc_temp_chart","account.data_account_type_current_assets"
"pcg_3912","Provisions pour dépréciation des matières et fournitures","3912","False","l10n_kzc_temp_chart","account.data_account_type_current_assets"
"pcg_3913","Provisions pour dépréciation des produits en cours","3913","False","l10n_kzc_temp_chart","account.data_account_type_current_assets"
"pcg_3914","Provisions pour dépréciation des produits intermédiaires","3914","False","l10n_kzc_temp_chart","account.data_account_type_current_assets"
"pcg_3915","Provisions pour dépréciation des produits finis","3915","False","l10n_kzc_temp_chart","account.data_account_type_current_assets"
"pcg_3941","Provisions pour dépréciation - fournisseurs débiteurs, avances et acomptes","3941","False","l10n_kzc_temp_chart","account.data_account_type_current_assets"
"pcg_3942","Provisions pour dépréciation des clients et comptes rattachés","3942","False","l10n_kzc_temp_chart","account.data_account_type_current_assets"
"pcg_3943","Provisions pour dépréciation du personnel - débiteur","3943","False","l10n_kzc_temp_chart","account.data_account_type_current_assets"
"pcg_3946","Provisions pour dépréciation des comptes d'associés débiteurs","3946","False","l10n_kzc_temp_chart","account.data_account_type_current_assets"
"pcg_3948","Provisions pour dépréciation des autres débiteurs","3948","False","l10n_kzc_temp_chart","account.data_account_type_current_assets"
"pcg_3950","Provisions pour dépréciation des titres et valeurs de placement","3950","False","l10n_kzc_temp_chart","account.data_account_type_current_assets"
"pcg_4411","Fournisseurs","4411","True","l10n_kzc_temp_chart","account.data_account_type_payable"
"pcg_4413","Fournisseurs - retenues de garantie","4413","True","l10n_kzc_temp_chart","account.data_account_type_current_liabilities"
"pcg_4415","Fournisseurs - effets à  payer","4415","True","l10n_kzc_temp_chart","account.data_account_type_current_liabilities"
"pcg_4417","Fournisseurs - factures non parvenues","4417","True","l10n_kzc_temp_chart","account.data_account_type_current_liabilities"
"pcg_4418","Autres fournisseurs et comptes rattachés","4418","True","l10n_kzc_temp_chart","account.data_account_type_current_liabilities"
"pcg_4421","Clients - avances et acomptes reçus sur commandes en cours","4421","True","l10n_kzc_temp_chart","account.data_account_type_current_liabilities"
"pcg_4425","Clients - dettes pour emballages et matériel consignés","4425","True","l10n_kzc_temp_chart","account.data_account_type_current_liabilities"
"pcg_4427","Rabais, remises et ristournes à  accorder - avoirs à  établir","4427","True","l10n_kzc_temp_chart","account.data_account_type_current_liabilities"
"pcg_4428","Autres clients créditeurs","4428","True","l10n_kzc_temp_chart","account.data_account_type_current_liabilities"
"pcg_4432","Rémunérations dues au personnel","4432","True","l10n_kzc_temp_chart","account.data_account_type_current_liabilities"
"pcg_4433","Dépôts du personnel créditeurs","4433","True","l10n_kzc_temp_chart","account.data_account_type_current_liabilities"
"pcg_4434","Oppositions sur salaires","4434","True","l10n_kzc_temp_chart","account.data_account_type_current_liabilities"
"pcg_4437","Charges du personnel à  payer","4437","True","l10n_kzc_temp_chart","account.data_account_type_current_liabilities"
"pcg_4438","Personnel - autres créditeurs","4438","True","l10n_kzc_temp_chart","account.data_account_type_current_liabilities"
"pcg_4442","ALLOCATION FAMILIALES","4442","True","l10n_kzc_temp_chart","account.data_account_type_current_liabilities"
"pcg_4443","Caisses de retraite","4443","True","l10n_kzc_temp_chart","account.data_account_type_current_liabilities"
"pcg_4445","Mutuelles","4445","True","l10n_kzc_temp_chart","account.data_account_type_current_liabilities"
"pcg_4447","Charges sociales à  payer","4447","True","l10n_kzc_temp_chart","account.data_account_type_current_liabilities"
"pcg_4448","Autres organismes sociaux","4448","True","l10n_kzc_temp_chart","account.data_account_type_current_liabilities"
"pcg_44521","Etat, taxe urbaine et taxe d'édilité","44521","True","l10n_kzc_temp_chart","account.data_account_type_current_liabilities"
"pcg_44522","Etat, Taxe professionnelle (ex patente)","44522","True","l10n_kzc_temp_chart","account.data_account_type_current_liabilities"
"pcg_44525","Etat, IR","44525","True","l10n_kzc_temp_chart","account.data_account_type_current_liabilities"
"pcg_4453","Etat, impôts sur les résultats","4453","True","l10n_kzc_temp_chart","account.data_account_type_current_liabilities"
"pcg_445507","Etat, TVA facturée 7%","445507","True","l10n_kzc_temp_chart","account.data_account_type_current_liabilities"
"pcg_445510","Etat, TVA facturée 10%","445510","True","l10n_kzc_temp_chart","account.data_account_type_current_liabilities"
"pcg_445514","Etat, TVA facturée 14%","445514","True","l10n_kzc_temp_chart","account.data_account_type_current_liabilities"
"pcg_445520","Etat, TVA facturée 20%","445520","True","l10n_kzc_temp_chart","account.data_account_type_current_liabilities"
"pcg_4456","Etat, TVA due (suivant déclarations)","4456","True","l10n_kzc_temp_chart","account.data_account_type_current_liabilities"
"pcg_4457","Etat, impôts et taxes à  payer","4457","True","l10n_kzc_temp_chart","account.data_account_type_current_liabilities"
"pcg_4458","Etat - autres comptes créditeurs","4458","True","l10n_kzc_temp_chart","account.data_account_type_current_liabilities"
"pcg_4461","Associés - capital à  rembourser","4461","True","l10n_kzc_temp_chart","account.data_account_type_current_liabilities"
"pcg_4462","Associés - versements reçus sur augmentation de capital","4462","True","l10n_kzc_temp_chart","account.data_account_type_current_liabilities"
"pcg_4463","Comptes courants des associés créditeurs","4463","True","l10n_kzc_temp_chart","account.data_account_type_current_liabilities"
"pcg_4464","Associés - opérations faites en commun","4464","True","l10n_kzc_temp_chart","account.data_account_type_current_liabilities"
"pcg_4465","Associés - dividendes à  payer","4465","True","l10n_kzc_temp_chart","account.data_account_type_current_liabilities"
"pcg_4468","Autres comptes d'associés - créditeurs","4468","True","l10n_kzc_temp_chart","account.data_account_type_current_liabilities"
"pcg_4481","Dettes sur acquisitions d'immobilisations","4481","True","l10n_kzc_temp_chart","account.data_account_type_current_liabilities"
"pcg_4483","Dettes sur acquisitions de titres et valeurs de placement","4483","True","l10n_kzc_temp_chart","account.data_account_type_current_liabilities"
"pcg_4484","Obligations échues à  rembourser","4484","True","l10n_kzc_temp_chart","account.data_account_type_current_liabilities"
"pcg_4485","Obligations, coupons à  payer","4485","True","l10n_kzc_temp_chart","account.data_account_type_current_liabilities"
"pcg_4487","Dettes rattachées aux autres créanciers","4487","True","l10n_kzc_temp_chart","account.data_account_type_current_liabilities"
"pcg_4488","Divers créanciers","4488","True","l10n_kzc_temp_chart","account.data_account_type_current_liabilities"
"pcg_4491","Produits constatés d'avance","4491","True","l10n_kzc_temp_chart","account.data_account_type_current_assets"
"pcg_4493","Intérêts courus et non échus à payer","4493","True","l10n_kzc_temp_chart","account.data_account_type_current_assets"
"pcg_4495","Comptes de répartition périodique des produits","4495","True","l10n_kzc_temp_chart","account.data_account_type_current_assets"
"pcg_4497","Comptes transitoires ou d'attente - créditeurs","4497","True","l10n_kzc_temp_chart","account.data_account_type_current_assets"
"pcg_4501","Provisions pour litiges","4501","False","l10n_kzc_temp_chart","account.data_account_type_current_assets"
"pcg_4502","Provisions pour garanties données aux clients","4502","False","l10n_kzc_temp_chart","account.data_account_type_current_assets"
"pcg_4505","Provisions pour amendes, doubles droits et pénalités","4505","False","l10n_kzc_temp_chart","account.data_account_type_current_assets"
"pcg_4506","Provisions pour pertes de change","4506","False","l10n_kzc_temp_chart","account.data_account_type_current_assets"
"pcg_4507","Provisions pour impôts","4507","False","l10n_kzc_temp_chart","account.data_account_type_current_assets"
"pcg_4508","Autres provisions pour risques et charges","4508","False","l10n_kzc_temp_chart","account.data_account_type_current_assets"
"pcg_4701","Augmentation des créances circulantes","4701","False","l10n_kzc_temp_chart","account.data_account_type_current_assets"
"pcg_4702","Diminution des dettes circulantes","4702","False","l10n_kzc_temp_chart","account.data_account_type_current_assets"
"pcg_51111","Chèques en portefeuille","51111","False","l10n_kzc_temp_chart","account.data_account_type_current_assets"
"pcg_51112","Chèques à  l'encaissement","51112","False","l10n_kzc_temp_chart","account.data_account_type_current_assets"
"pcg_51131","Effets échus à  encaisser","51131","False","l10n_kzc_temp_chart","account.data_account_type_current_assets"
"pcg_51132","Effets à  l'encaissement","51132","False","l10n_kzc_temp_chart","account.data_account_type_current_assets"
"pcg_5118","Autres valeurs à  encaisser","5118","False","l10n_kzc_temp_chart","account.data_account_type_current_assets"
"pcg_5146","Chèques postaux","5146","False","l10n_kzc_temp_chart","account.data_account_type_current_assets"
"pcg_5148","Autres établissements financiers et assimilés (soldes débiteurs)","5148","False","l10n_kzc_temp_chart","account.data_account_type_current_assets"
"pcg_5165","Régies d'avances et accréditifs","5165","False","l10n_kzc_temp_chart","account.data_account_type_current_assets"
"pcg_5520","Crédits d'escompte","5520","False","l10n_kzc_temp_chart","account.data_account_type_current_assets"
"pcg_5530","Crédits de trésorerie","5530","False","l10n_kzc_temp_chart","account.data_account_type_current_assets"
"pcg_5548","Autres établissements financiers et assimilés (soldes créditeurs)","5548","False","l10n_kzc_temp_chart","account.data_account_type_current_assets"
"pcg_5900","Provisions pour dépréciation des comptes de trésorerie","5900","False","l10n_kzc_temp_chart","account.data_account_type_current_assets"
"pcg_6111","Achats de marchandises ""groupe A""","6111","False","l10n_kzc_temp_chart","account.data_account_type_expenses"
"pcg_6112","Achats de marchandises ""groupe B""","6112","False","l10n_kzc_temp_chart","account.data_account_type_expenses"
"pcg_6114","Variation de stocks de marchandises","6114","False","l10n_kzc_temp_chart","account.data_account_type_expenses"
"pcg_6118","Achats revendus de marchandises des exercices antérieurs","6118","False","l10n_kzc_temp_chart","account.data_account_type_expenses"
"pcg_6119","Rabais, remises et ristournes obtenus sur achats de marchandises","6119","False","l10n_kzc_temp_chart","account.data_account_type_expenses"
"pcg_61211","Achats de matières premières A","61211","False","l10n_kzc_temp_chart","account.data_account_type_expenses"
"pcg_61212","Achats de matières premières B","61212","False","l10n_kzc_temp_chart","account.data_account_type_expenses"
"pcg_61221","Achats de matières et fournitures A","61221","False","l10n_kzc_temp_chart","account.data_account_type_expenses"
"pcg_61222","Achats de matières et fournitures B","61222","False","l10n_kzc_temp_chart","account.data_account_type_expenses"
"pcg_61223","Achats de combustibles","61223","False","l10n_kzc_temp_chart","account.data_account_type_expenses"
"pcg_61224","Achats de produits d'entretien","61224","False","l10n_kzc_temp_chart","account.data_account_type_expenses"
"pcg_61225","Achats de fournitures d'atelier et d'usine","61225","False","l10n_kzc_temp_chart","account.data_account_type_expenses"
"pcg_61226","Achats de fournitures de magasin","61226","False","l10n_kzc_temp_chart","account.data_account_type_expenses"
"pcg_61227","Achats de fournitures de bureau","61227","False","l10n_kzc_temp_chart","account.data_account_type_expenses"
"pcg_61231","Achats d'emballages perdus","61231","False","l10n_kzc_temp_chart","account.data_account_type_expenses"
"pcg_61232","Achats d'emballages récupérables non identifiables","61232","False","l10n_kzc_temp_chart","account.data_account_type_expenses"
"pcg_61233","Achats d'emballages à  usage mixte","61233","False","l10n_kzc_temp_chart","account.data_account_type_expenses"
"pcg_61241","Variation des stocks de matières premières","61241","False","l10n_kzc_temp_chart","account.data_account_type_expenses"
"pcg_61242","Variation des stocks de matières et fournitures consommables","61242","False","l10n_kzc_temp_chart","account.data_account_type_expenses"
"pcg_61243","Variation des stocks des emballages","61243","False","l10n_kzc_temp_chart","account.data_account_type_expenses"
"pcg_61251","Achats de fournitures non stockables (eau, électricité,,)","61251","False","l10n_kzc_temp_chart","account.data_account_type_expenses"
"pcg_61252","Achats de fournitures d'entretien","61252","False","l10n_kzc_temp_chart","account.data_account_type_expenses"
"pcg_61253","Achats de petit outillage et petit équipement","61253","False","l10n_kzc_temp_chart","account.data_account_type_expenses"
"pcg_61254","Achats de fournitures de bureau","61254","False","l10n_kzc_temp_chart","account.data_account_type_expenses"
"pcg_61261","Achats des travaux","61261","False","l10n_kzc_temp_chart","account.data_account_type_expenses"
"pcg_61262","Achats des études","61262","False","l10n_kzc_temp_chart","account.data_account_type_expenses"
"pcg_6128","Achats de matières et de fournitures des exercices antérieurs","6128","False","l10n_kzc_temp_chart","account.data_account_type_expenses"
"pcg_61291","Rabais, remises et ristournes obtenus sur achats de matières premières","61291","False","l10n_kzc_temp_chart","account.data_account_type_expenses"
"pcg_61292","Rabais, remises et ristournes obtenus sur achats de matières et fournitures consommables","61292","False","l10n_kzc_temp_chart","account.data_account_type_expenses"
"pcg_61293","Rabais, remises et ristournes obtenus sur achats des emballages","61293","False","l10n_kzc_temp_chart","account.data_account_type_expenses"
"pcg_61295","Rabais, remises et ristournes obtenus sur achats non stockés","61295","False","l10n_kzc_temp_chart","account.data_account_type_expenses"
"pcg_61296","Rabais, remises et ristournes obtenus sur achats de travaux, études et prestations de service","61296","False","l10n_kzc_temp_chart","account.data_account_type_expenses"
"pcg_61298","Rabais, remises et ristournes obtenus sur achats de matières et fournitures des exercices antérieurs","61298","False","l10n_kzc_temp_chart","account.data_account_type_expenses"
"pcg_61311","Locations de terrains","61311","False","l10n_kzc_temp_chart","account.data_account_type_expenses"
"pcg_61312","Locations de constructions","61312","False","l10n_kzc_temp_chart","account.data_account_type_expenses"
"pcg_61313","Locations de matériel et d'outillage","61313","False","l10n_kzc_temp_chart","account.data_account_type_expenses"
"pcg_61314","Locations de mobilier et de matériel de bureau","61314","False","l10n_kzc_temp_chart","account.data_account_type_expenses"
"pcg_61315","Locations de matériel informatique","61315","False","l10n_kzc_temp_chart","account.data_account_type_expenses"
"pcg_61316","Locations de matériel de transport","61316","False","l10n_kzc_temp_chart","account.data_account_type_expenses"
"pcg_61317","Malis sur emballages rendus","61317","False","l10n_kzc_temp_chart","account.data_account_type_expenses"
"pcg_61318","Locations et charges locatives diverses","61318","False","l10n_kzc_temp_chart","account.data_account_type_expenses"
"pcg_61321","Redevances de crédit-bail - mobilier et matériel","61321","False","l10n_kzc_temp_chart","account.data_account_type_expenses"
"pcg_61331","Entretien et réparations des biens immobiliers","61331","False","l10n_kzc_temp_chart","account.data_account_type_expenses"
"pcg_61332","Entretien et réparations des biens mobiliers","61332","False","l10n_kzc_temp_chart","account.data_account_type_expenses"
"pcg_61335","Maintenance","61335","False","l10n_kzc_temp_chart","account.data_account_type_expenses"
"pcg_61341","Assurances multirisque (vol, incendie,R,C,)","61341","False","l10n_kzc_temp_chart","account.data_account_type_expenses"
"pcg_61343","Assurances - risques d'exploitation","61343","False","l10n_kzc_temp_chart","account.data_account_type_expenses"
"pcg_61345","Assurances - Matériel de transport","61345","False","l10n_kzc_temp_chart","account.data_account_type_expenses"
"pcg_61351","Rémunérations du personnel occasionnel","61351","False","l10n_kzc_temp_chart","account.data_account_type_expenses"
"pcg_61352","Rémunérations du personnel intérimaire","61352","False","l10n_kzc_temp_chart","account.data_account_type_expenses"
"pcg_61353","Rémunérations du personnel détaché ou prêté à  l'entreprise","61353","False","l10n_kzc_temp_chart","account.data_account_type_expenses"
"pcg_61361","Commissions et courtages","61361","False","l10n_kzc_temp_chart","account.data_account_type_expenses"
"pcg_61365","Honoraires","61365","False","l10n_kzc_temp_chart","account.data_account_type_expenses"
"pcg_61367","Frais d'actes et de contentieux","61367","False","l10n_kzc_temp_chart","account.data_account_type_expenses"
"pcg_61371","Redevances pour brevets","61371","False","l10n_kzc_temp_chart","account.data_account_type_expenses"
"pcg_61378","Autres redevances","61378","False","l10n_kzc_temp_chart","account.data_account_type_expenses"
"pcg_61411","Études générales","61411","False","l10n_kzc_temp_chart","account.data_account_type_expenses"
"pcg_61413","Recherches","61413","False","l10n_kzc_temp_chart","account.data_account_type_expenses"
"pcg_61415","Documentation générale","61415","False","l10n_kzc_temp_chart","account.data_account_type_expenses"
"pcg_61416","Documentation technique","61416","False","l10n_kzc_temp_chart","account.data_account_type_expenses"
"pcg_61421","Transports du personnel","61421","False","l10n_kzc_temp_chart","account.data_account_type_expenses"
"pcg_61425","Transports sur achats","61425","False","l10n_kzc_temp_chart","account.data_account_type_expenses"
"pcg_61426","Transports sur ventes","61426","False","l10n_kzc_temp_chart","account.data_account_type_expenses"
"pcg_61428","Autres transports","61428","False","l10n_kzc_temp_chart","account.data_account_type_expenses"
"pcg_61431","Voyages et déplacements","61431","False","l10n_kzc_temp_chart","account.data_account_type_expenses"
"pcg_61433","Frais de déménagement","61433","False","l10n_kzc_temp_chart","account.data_account_type_expenses"
"pcg_61435","Missions","61435","False","l10n_kzc_temp_chart","account.data_account_type_expenses"
"pcg_61436","Réceptions","61436","False","l10n_kzc_temp_chart","account.data_account_type_expenses"
"pcg_61441","Annonces et insertions","61441","False","l10n_kzc_temp_chart","account.data_account_type_expenses"
"pcg_61442","Échantillons, catalogues et imprimés publicitaires","61442","False","l10n_kzc_temp_chart","account.data_account_type_expenses"
"pcg_61443","Foires et expositions","61443","False","l10n_kzc_temp_chart","account.data_account_type_expenses"
"pcg_61444","Primes de publicité","61444","False","l10n_kzc_temp_chart","account.data_account_type_expenses"
"pcg_61446","Publications","61446","False","l10n_kzc_temp_chart","account.data_account_type_expenses"
"pcg_61447","Cadeaux à  la clientèle","61447","False","l10n_kzc_temp_chart","account.data_account_type_expenses"
"pcg_61448","Autres charges de publicité et relations publiques","61448","False","l10n_kzc_temp_chart","account.data_account_type_expenses"
"pcg_61451","Frais postaux","61451","False","l10n_kzc_temp_chart","account.data_account_type_expenses"
"pcg_61456","Frais de télex et de télégrammes","61456","False","l10n_kzc_temp_chart","account.data_account_type_expenses"
"pcg_61461","Cotisations","61461","False","l10n_kzc_temp_chart","account.data_account_type_expenses"
"pcg_61462","Dons","61462","False","l10n_kzc_temp_chart","account.data_account_type_expenses"
"pcg_61471","Frais d'achat et de vente des titres","61471","False","l10n_kzc_temp_chart","account.data_account_type_expenses"
"pcg_61472","Frais sur effets de commerce","61472","False","l10n_kzc_temp_chart","account.data_account_type_expenses"
"pcg_61473","Frais et commissions sur services bancaires","61473","False","l10n_kzc_temp_chart","account.data_account_type_expenses"
"pcg_6149","Rabais, remises et ristournes obtenus sur autres charges externes","6149","False","l10n_kzc_temp_chart","account.data_account_type_expenses"
"pcg_61611","Taxe urbaine et taxe d'édilité","61611","False","l10n_kzc_temp_chart","account.data_account_type_expenses"
"pcg_61612","Patente","61612","False","l10n_kzc_temp_chart","account.data_account_type_expenses"
"pcg_61615","Taxes locales","61615","False","l10n_kzc_temp_chart","account.data_account_type_expenses"
"pcg_6165","Impôts et taxes directs","6165","False","l10n_kzc_temp_chart","account.data_account_type_expenses"
"pcg_61671","Droits d'enregistrement et de timbre","61671","False","l10n_kzc_temp_chart","account.data_account_type_expenses"
"pcg_616731","La vignette","616731","False","l10n_kzc_temp_chart","account.data_account_type_expenses"
"pcg_61678","Autres impôts, taxes et droits assimilés","61678","False","l10n_kzc_temp_chart","account.data_account_type_expenses"
"pcg_6168","Impôts et taxes des exercices antérieurs","6168","False","l10n_kzc_temp_chart","account.data_account_type_expenses"
"pcg_61711","Appointements et salaires","61711","False","l10n_kzc_temp_chart","account.data_account_type_expenses"
"pcg_617121","Primes de représentation","617121","False","l10n_kzc_temp_chart","account.data_account_type_expenses"
"pcg_617132","Indemnités de déplacement","617132","False","l10n_kzc_temp_chart","account.data_account_type_expenses"
"pcg_61714","Commissions au personnel","61714","False","l10n_kzc_temp_chart","account.data_account_type_expenses"
"pcg_61715","Rémunérations des administrateurs, gérants et associés","61715","False","l10n_kzc_temp_chart","account.data_account_type_expenses"
"pcg_61741","Cotisations de sécurité sociale","61741","False","l10n_kzc_temp_chart","account.data_account_type_expenses"
"pcg_61742","Cotisations aux caisses de retraite","61742","False","l10n_kzc_temp_chart","account.data_account_type_expenses"
"pcg_61743","Cotisations aux mutuelles","61743","False","l10n_kzc_temp_chart","account.data_account_type_expenses"
"pcg_61744","Prestations familiales","61744","False","l10n_kzc_temp_chart","account.data_account_type_expenses"
"pcg_61745","Assurances accidents de travail","61745","False","l10n_kzc_temp_chart","account.data_account_type_expenses"
"pcg_61761","Assurances groupe","61761","False","l10n_kzc_temp_chart","account.data_account_type_expenses"
"pcg_61762","Prestations de retraites","61762","False","l10n_kzc_temp_chart","account.data_account_type_expenses"
"pcg_61763","Allocations aux oeuvres sociales","61763","False","l10n_kzc_temp_chart","account.data_account_type_expenses"
"pcg_61764","Habillement et vêtements de travail","61764","False","l10n_kzc_temp_chart","account.data_account_type_expenses"
"pcg_61765","Indemnités de préavis et de licenciement","61765","False","l10n_kzc_temp_chart","account.data_account_type_expenses"
"pcg_61766","Médecine de travail, pharmacie","61766","False","l10n_kzc_temp_chart","account.data_account_type_expenses"
"pcg_61768","Autres charges sociales diverses","61768","False","l10n_kzc_temp_chart","account.data_account_type_expenses"
"pcg_61771","Appointements et salaires","61771","False","l10n_kzc_temp_chart","account.data_account_type_expenses"
"pcg_61774","Charges sociales sur appointements et salaires de l'exploitant","61774","False","l10n_kzc_temp_chart","account.data_account_type_expenses"
"pcg_6178","Charges du personnel des exercices antérieurs","6178","False","l10n_kzc_temp_chart","account.data_account_type_expenses"
"pcg_6181","Jetons de présence","6181","False","l10n_kzc_temp_chart","account.data_account_type_expenses"
"pcg_6182","Pertes sur créances irrécouvrables","6182","False","l10n_kzc_temp_chart","account.data_account_type_expenses"
"pcg_6185","Pertes sur opérations faites en commun","6185","False","l10n_kzc_temp_chart","account.data_account_type_expenses"
"pcg_6186","Transfert de profits sur opérations faites en commun","6186","False","l10n_kzc_temp_chart","account.data_account_type_expenses"
"pcg_6188","Autres charges d'exploitation des exercices antérieurs","6188","False","l10n_kzc_temp_chart","account.data_account_type_expenses"
"pcg_61911","D.E.A. des frais préliminaires","61911","False","l10n_kzc_temp_chart","account.data_account_type_expenses"
"pcg_61912","D.E.A. des charges à  répartir","61912","False","l10n_kzc_temp_chart","account.data_account_type_expenses"
"pcg_61921","D.E.A. de l'immobilisation en recherche et développement","61921","False","l10n_kzc_temp_chart","account.data_account_type_expenses"
"pcg_61922","D.E.A. des brevets, marques, droits et valeurs similaires","61922","False","l10n_kzc_temp_chart","account.data_account_type_expenses"
"pcg_61923","D.E.A. du fonds commercial","61923","False","l10n_kzc_temp_chart","account.data_account_type_expenses"
"pcg_61928","D.E.A. des autres immobilisations incorporelles","61928","False","l10n_kzc_temp_chart","account.data_account_type_expenses"
"pcg_61931","D.E.A. des terrains","61931","False","l10n_kzc_temp_chart","account.data_account_type_expenses"
"pcg_61932","D.E.A. des constructions","61932","False","l10n_kzc_temp_chart","account.data_account_type_expenses"
"pcg_61933","D.E.A. des installations techniques, matériel et outillage","61933","False","l10n_kzc_temp_chart","account.data_account_type_expenses"
"pcg_61934","D.E.A. du matériel de transport","61934","False","l10n_kzc_temp_chart","account.data_account_type_expenses"
"pcg_61935","D.E.A. des mobiliers, matériels de bureau et aménagements divers","61935","False","l10n_kzc_temp_chart","account.data_account_type_expenses"
"pcg_61938","D.E.A. des autres immobilisations corporelles","61938","False","l10n_kzc_temp_chart","account.data_account_type_expenses"
"pcg_61942","D.E.P. pour dépréciation des immobilisations incorporelles","61942","False","l10n_kzc_temp_chart","account.data_account_type_expenses"
"pcg_61943","D.E.P. pour dépréciation des immobilisations corporelles","61943","False","l10n_kzc_temp_chart","account.data_account_type_expenses"
"pcg_61955","D.E.P. pour risques et charges durables","61955","False","l10n_kzc_temp_chart","account.data_account_type_expenses"
"pcg_61957","D.E.P. pour risques et charges momentanés","61957","False","l10n_kzc_temp_chart","account.data_account_type_expenses"
"pcg_61961","D.E.P. pour dépréciation des stocks","61961","False","l10n_kzc_temp_chart","account.data_account_type_expenses"
"pcg_61964","D.E.P. pour dépréciation des créances de l'actif circulant","61964","False","l10n_kzc_temp_chart","account.data_account_type_expenses"
"pcg_61981","D.E. aux amortissements des exercices antérieurs","61981","False","l10n_kzc_temp_chart","account.data_account_type_expenses"
"pcg_61984","D.E. aux provisions des exercices antérieurs","61984","False","l10n_kzc_temp_chart","account.data_account_type_expenses"
"pcg_63111","Intérêts des emprunts","63111","False","l10n_kzc_temp_chart","account.data_account_type_expenses"
"pcg_63113","Intérêts des dettes rattachées à  des participations","63113","False","l10n_kzc_temp_chart","account.data_account_type_expenses"
"pcg_63114","Intérêts des comptes courants et dépôts créditeurs","63114","False","l10n_kzc_temp_chart","account.data_account_type_expenses"
"pcg_63115","Intérêts bancaires et sur opérations de financement","63115","False","l10n_kzc_temp_chart","account.data_account_type_expenses"
"pcg_63118","Autres intérêts des emprunts et dettes","63118","False","l10n_kzc_temp_chart","account.data_account_type_expenses"
"pcg_6318","Charges d'intérêts des exercices antérieurs","6318","False","l10n_kzc_temp_chart","account.data_account_type_expenses"
"pcg_633","Pertes de change","633","False","l10n_kzc_temp_chart","account.data_account_type_expenses"
"pcg_6331","Pertes de change propres à  l'exercice","6331","False","l10n_kzc_temp_chart","account.data_account_type_expenses"
"pcg_6338","Pertes de change des exercices antérieurs","6338","False","l10n_kzc_temp_chart","account.data_account_type_expenses"
"pcg_6382","Pertes sur créances liées à  des participations","6382","False","l10n_kzc_temp_chart","account.data_account_type_expenses"
"pcg_6385","Charges nettes sur cession de titres et valeurs de placement","6385","False","l10n_kzc_temp_chart","account.data_account_type_expenses"
"pcg_6386","Escomptes accordés","6386","False","l10n_kzc_temp_chart","account.data_account_type_expenses"
"pcg_6388","Autres charges financières des exercices antérieurs","6388","False","l10n_kzc_temp_chart","account.data_account_type_expenses"
"pcg_6391","Dotations aux amortissements des primes de remboursement des obligations","6391","False","l10n_kzc_temp_chart","account.data_account_type_expenses"
"pcg_6392","Dotations aux provisions pour dépréciations des immobilisations financières","6392","False","l10n_kzc_temp_chart","account.data_account_type_expenses"
"pcg_6393","Dotations aux provisions pour risques et charges financières","6393","False","l10n_kzc_temp_chart","account.data_account_type_expenses"
"pcg_6394","Dotation aux provisions pour dépréciation des titres et valeurs de placement","6394","False","l10n_kzc_temp_chart","account.data_account_type_expenses"
"pcg_6396","Dotations aux provisions pour dépréciation des comptes de trésorerie","6396","False","l10n_kzc_temp_chart","account.data_account_type_expenses"
"pcg_6398","Dotations financières des exercices antérieurs","6398","False","l10n_kzc_temp_chart","account.data_account_type_expenses"
"pcg_6512","VNA des immobilisations incorporelles cédées","6512","False","l10n_kzc_temp_chart","account.data_account_type_expenses"
"pcg_6513","VNA des immobilisations corporelles cédées","6513","False","l10n_kzc_temp_chart","account.data_account_type_expenses"
"pcg_6514","VNA provisions des immobilisations financières cédées (droits de propriété)","6514","False","l10n_kzc_temp_chart","account.data_account_type_expenses"
"pcg_6518","VNA des immobilisations cédées des exercices antérieurs","6518","False","l10n_kzc_temp_chart","account.data_account_type_expenses"
"pcg_6561","Subventions accordées de l'exercice","6561","False","l10n_kzc_temp_chart","account.data_account_type_expenses"
"pcg_6568","Subventions accordées des exercices antérieurs","6568","False","l10n_kzc_temp_chart","account.data_account_type_expenses"
"pcg_65811","Pénalités sur marchés","65811","False","l10n_kzc_temp_chart","account.data_account_type_expenses"
"pcg_65812","Dédits","65812","False","l10n_kzc_temp_chart","account.data_account_type_expenses"
"pcg_6582","Rappels d'impôts (autres que l'impôt sur les résultats)","6582","False","l10n_kzc_temp_chart","account.data_account_type_expenses"
"pcg_65831","Pénalités et amendes fiscales","65831","False","l10n_kzc_temp_chart","account.data_account_type_expenses"
"pcg_65833","Pénalités et amendes pénales","65833","False","l10n_kzc_temp_chart","account.data_account_type_expenses"
"pcg_6585","Créances devenues irrécouvrables","6585","False","l10n_kzc_temp_chart","account.data_account_type_expenses"
"pcg_65861","Dons","65861","False","l10n_kzc_temp_chart","account.data_account_type_expenses"
"pcg_65862","Libéralités","65862","False","l10n_kzc_temp_chart","account.data_account_type_expenses"
"pcg_65863","Lots","65863","False","l10n_kzc_temp_chart","account.data_account_type_expenses"
"pcg_6588","Autres charges non courantes des exercices antérieurs","6588","False","l10n_kzc_temp_chart","account.data_account_type_expenses"
"pcg_65911","D.A.E. de l'immobilisation en non-valeurs","65911","False","l10n_kzc_temp_chart","account.data_account_type_expenses"
"pcg_65912","D.A.E. des immobilisations incorporelles","65912","False","l10n_kzc_temp_chart","account.data_account_type_expenses"
"pcg_65913","D.A.E. des immobilisations corporelles","65913","False","l10n_kzc_temp_chart","account.data_account_type_expenses"
"pcg_65941","D.N.C. pour amortissements dérogatoires","65941","False","l10n_kzc_temp_chart","account.data_account_type_expenses"
"pcg_65942","D.N.C. pour plus-values en instance d'imposition","65942","False","l10n_kzc_temp_chart","account.data_account_type_expenses"
"pcg_65944","D.N.C. pour investissements","65944","False","l10n_kzc_temp_chart","account.data_account_type_expenses"
"pcg_65945","D.N.C. pour reconstitution de gisements","65945","False","l10n_kzc_temp_chart","account.data_account_type_expenses"
"pcg_65946","D.N.C. pour acquisition et construction de logements","65946","False","l10n_kzc_temp_chart","account.data_account_type_expenses"
"pcg_65955","D.N.C. aux provisions pour risques et charges durables","65955","False","l10n_kzc_temp_chart","account.data_account_type_expenses"
"pcg_65957","D.N.C. aux provisions pour risques et charges momentanés","65957","False","l10n_kzc_temp_chart","account.data_account_type_expenses"
"pcg_65962","D.N.C. aux provisions pour dépréciation de l'actif immobilisé","65962","False","l10n_kzc_temp_chart","account.data_account_type_expenses"
"pcg_65963","D.N.C. aux provisions pour dépréciation de l'actif circulant","65963","False","l10n_kzc_temp_chart","account.data_account_type_expenses"
"pcg_6598","Dotations non courantes des exercices antérieurs","6598","False","l10n_kzc_temp_chart","account.data_account_type_expenses"
"pcg_6701","Impôts sur les bénéfices","6701","False","l10n_kzc_temp_chart","account.data_account_type_expenses"
"pcg_6705","Imposition minimale annuelle des sociétés","6705","False","l10n_kzc_temp_chart","account.data_account_type_expenses"
"pcg_6708","Rappels et dégrèvements d'impôts sur les résultats","6708","False","l10n_kzc_temp_chart","account.data_account_type_expenses"
"pcg_7111","Ventes de marchandises au Maroc","7111","False","l10n_kzc_temp_chart","account.data_account_type_other_income"
"pcg_7113","Ventes de marchandises à  l'étranger","7113","False","l10n_kzc_temp_chart","account.data_account_type_other_income"
"pcg_7118","Ventes de marchandises des exercices antérieurs","7118","False","l10n_kzc_temp_chart","account.data_account_type_other_income"
"pcg_7119","Rabais, remises et ristournes accordés par l'entreprise","7119","False","l10n_kzc_temp_chart","account.data_account_type_other_income"
"pcg_71211","Ventes de produits finis","71211","False","l10n_kzc_temp_chart","account.data_account_type_other_income"
"pcg_71212","Ventes de produits intermédiaires","71212","False","l10n_kzc_temp_chart","account.data_account_type_other_income"
"pcg_71217","Ventes de produits résiduels","71217","False","l10n_kzc_temp_chart","account.data_account_type_other_income"
"pcg_71221","Ventes de produits finis","71221","False","l10n_kzc_temp_chart","account.data_account_type_other_income"
"pcg_71222","Ventes de produits intermédiaires","71222","False","l10n_kzc_temp_chart","account.data_account_type_other_income"
"pcg_71241","Travaux","71241","False","l10n_kzc_temp_chart","account.data_account_type_other_income"
"pcg_71242","Etudes","71242","False","l10n_kzc_temp_chart","account.data_account_type_other_income"
"pcg_71243","Prestations de services","71243","False","l10n_kzc_temp_chart","account.data_account_type_other_income"
"pcg_71251","Travaux","71251","False","l10n_kzc_temp_chart","account.data_account_type_other_income"
"pcg_71252","Etudes","71252","False","l10n_kzc_temp_chart","account.data_account_type_other_income"
"pcg_71253","Prestations de services","71253","False","l10n_kzc_temp_chart","account.data_account_type_other_income"
"pcg_7126","Redevances pour brevets, marques, droits et valeurs similaires","7126","False","l10n_kzc_temp_chart","account.data_account_type_other_income"
"pcg_71271","Locations divers es reçues","71271","False","l10n_kzc_temp_chart","account.data_account_type_other_income"
"pcg_71272","Commissions et courtages reçus","71272","False","l10n_kzc_temp_chart","account.data_account_type_other_income"
"pcg_71273","Produits de services exploités dans l'intérêt du personnel","71273","False","l10n_kzc_temp_chart","account.data_account_type_other_income"
"pcg_71275","Bonis sur reprises d'emballages consignés","71275","False","l10n_kzc_temp_chart","account.data_account_type_other_income"
"pcg_71276","Ports et frais accessoires facturés","71276","False","l10n_kzc_temp_chart","account.data_account_type_other_income"
"pcg_71278","Autres ventes et produits accessoires","71278","False","l10n_kzc_temp_chart","account.data_account_type_other_income"
"pcg_7128","Ventes de biens et services produits des exercices antérieurs","7128","False","l10n_kzc_temp_chart","account.data_account_type_other_income"
"pcg_71291","R,R,R accordées sur ventes au Maroc des biens produits","71291","False","l10n_kzc_temp_chart","account.data_account_type_other_income"
"pcg_71292","R,R,R accordées sur ventes à  l'étranger des biens produits","71292","False","l10n_kzc_temp_chart","account.data_account_type_other_income"
"pcg_71294","R,R,R accordées sur ventes au Maroc des services produits","71294","False","l10n_kzc_temp_chart","account.data_account_type_other_income"
"pcg_71295","R,R,R accordées sur ventes à  l'étranger des services produits","71295","False","l10n_kzc_temp_chart","account.data_account_type_other_income"
"pcg_71298","Rabais, remises et ristournes accordés sur ventes de B et S produits des exercices antérieurs","71298","False","l10n_kzc_temp_chart","account.data_account_type_other_income"
"pcg_71311","Variation des stocks de biens produits en cours","71311","False","l10n_kzc_temp_chart","account.data_account_type_other_income"
"pcg_71312","Variation des stocks de produits intermédiaires en cours","71312","False","l10n_kzc_temp_chart","account.data_account_type_other_income"
"pcg_71317","Variation des stocks de produits résiduels en cours","71317","False","l10n_kzc_temp_chart","account.data_account_type_other_income"
"pcg_71321","Variation des stocks de produits finis","71321","False","l10n_kzc_temp_chart","account.data_account_type_other_income"
"pcg_71322","Variation des stocks de produits intermédiaires","71322","False","l10n_kzc_temp_chart","account.data_account_type_other_income"
"pcg_71327","Variation des stocks de produits résiduels","71327","False","l10n_kzc_temp_chart","account.data_account_type_other_income"
"pcg_71341","Variation des stocks de travaux en cours","71341","False","l10n_kzc_temp_chart","account.data_account_type_other_income"
"pcg_71342","Variation des stocks d'études en cours","71342","False","l10n_kzc_temp_chart","account.data_account_type_other_income"
"pcg_71343","Variation des stocks de prestations en cours","71343","False","l10n_kzc_temp_chart","account.data_account_type_other_income"
"pcg_7141","Immobilisation en non valeurs produite","7141","False","l10n_kzc_temp_chart","account.data_account_type_other_income"
"pcg_7142","Immobilisations incorporelles produites","7142","False","l10n_kzc_temp_chart","account.data_account_type_other_income"
"pcg_7143","Immobilisations corporelles produites","7143","False","l10n_kzc_temp_chart","account.data_account_type_other_income"
"pcg_7148","Immobilisations produites des exercices antérieurs","7148","False","l10n_kzc_temp_chart","account.data_account_type_other_income"
"pcg_7161","Subventions d'exploitations reçues de l'exercice","7161","False","l10n_kzc_temp_chart","account.data_account_type_other_income"
"pcg_7168","Subventions d'exploitation reçues des exercices antérieurs","7168","False","l10n_kzc_temp_chart","account.data_account_type_other_income"
"pcg_7181","Jetons de présence reçus","7181","False","l10n_kzc_temp_chart","account.data_account_type_other_income"
"pcg_7182","Revenus des immeubles non affectés à  l'exploitation","7182","False","l10n_kzc_temp_chart","account.data_account_type_other_income"
"pcg_7185","Profits sur opérations faites en commun","7185","False","l10n_kzc_temp_chart","account.data_account_type_other_income"
"pcg_7186","Transfert de pertes sur opérations faites en commun","7186","False","l10n_kzc_temp_chart","account.data_account_type_other_income"
"pcg_7188","Autres produits d'exploitation des exercices antérieurs","7188","False","l10n_kzc_temp_chart","account.data_account_type_other_income"
"pcg_7191","Reprises sur amortissements de l'immobilisation en non valeurs","7191","False","l10n_kzc_temp_chart","account.data_account_type_other_income"
"pcg_7192","Reprises sur amortissements des immobilisations incorporelles","7192","False","l10n_kzc_temp_chart","account.data_account_type_other_income"
"pcg_7193","Reprises sur amortissements des immobilisations corporelles","7193","False","l10n_kzc_temp_chart","account.data_account_type_other_income"
"pcg_7194","Reprises sur provisions pour dépréciation des immobilisations","7194","False","l10n_kzc_temp_chart","account.data_account_type_other_income"
"pcg_7195","Reprises sur provisions pour risques et charges","7195","False","l10n_kzc_temp_chart","account.data_account_type_other_income"
"pcg_7196","Reprises sur provisions pour dépréciation de l'actif circulant","7196","False","l10n_kzc_temp_chart","account.data_account_type_other_income"
"pcg_71971","T,C,E - Achats de marchandises","71971","False","l10n_kzc_temp_chart","account.data_account_type_other_income"
"pcg_71972","T,C,E - Achats consommés de matières et fournitures","71972","False","l10n_kzc_temp_chart","account.data_account_type_other_income"
"pcg_71973","T,C,E-Autres charges externes","71973","False","l10n_kzc_temp_chart","account.data_account_type_other_income"
"pcg_71975","T,C,E - Impôts et taxes","71975","False","l10n_kzc_temp_chart","account.data_account_type_other_income"
"pcg_71976","T,C,E - Charges de personnel","71976","False","l10n_kzc_temp_chart","account.data_account_type_other_income"
"pcg_71978","T,C,E - Autres charges d'exploitation","71978","False","l10n_kzc_temp_chart","account.data_account_type_other_income"
"pcg_71981","Reprises sur amortissements des exercices antérieurs","71981","False","l10n_kzc_temp_chart","account.data_account_type_other_income"
"pcg_71984","Reprises sur provisions des exercices antérieurs","71984","False","l10n_kzc_temp_chart","account.data_account_type_other_income"
"pcg_7321","Revenus des titres de participation","7321","False","l10n_kzc_temp_chart","account.data_account_type_other_income"
"pcg_7325","Revenus des titres immobilisés","7325","False","l10n_kzc_temp_chart","account.data_account_type_other_income"
"pcg_7328","Produits des titres de participation et des autres titres immobilisés des exercices antérieurs","7328","False","l10n_kzc_temp_chart","account.data_account_type_other_income"
"pcg_733","Gains de change","733","False","l10n_kzc_temp_chart","account.data_account_type_other_income"
"pcg_7331","Gains de change propres à  l'exercice","7331","False","l10n_kzc_temp_chart","account.data_account_type_other_income"
"pcg_7338","Gains de change des exercices antérieurs","7338","False","l10n_kzc_temp_chart","account.data_account_type_other_income"
"pcg_73811","Intérêts des prêts","73811","False","l10n_kzc_temp_chart","account.data_account_type_other_income"
"pcg_73813","Revenus des autres créances financières","73813","False","l10n_kzc_temp_chart","account.data_account_type_other_income"
"pcg_7383","Revenus des créances rattachées à  des participations","7383","False","l10n_kzc_temp_chart","account.data_account_type_other_income"
"pcg_7384","Revenus des titres et valeurs de placement","7384","False","l10n_kzc_temp_chart","account.data_account_type_other_income"
"pcg_7385","Produits nets sur cessions de titres et valeurs de placement","7385","False","l10n_kzc_temp_chart","account.data_account_type_other_income"
"pcg_7386","Escomptes obtenus","7386","False","l10n_kzc_temp_chart","account.data_account_type_other_income"
"pcg_7388","Intérêts et autres produits financiers des exercices antérieurs","7388","False","l10n_kzc_temp_chart","account.data_account_type_other_income"
"pcg_7391","Reprises sur amortissements des primes de remboursement des obligations","7391","False","l10n_kzc_temp_chart","account.data_account_type_other_income"
"pcg_7392","Reprises sur provisions pour dépréciation des immobilisations financières","7392","False","l10n_kzc_temp_chart","account.data_account_type_other_income"
"pcg_7393","Reprises sur provisions pour risques et charges financières","7393","False","l10n_kzc_temp_chart","account.data_account_type_other_income"
"pcg_7394","Reprise sur provisions pour dépréciation des titres et valeurs de placement","7394","False","l10n_kzc_temp_chart","account.data_account_type_other_income"
"pcg_7396","Reprises sur provisions pour dépréciation des comptes de trésorerie","7396","False","l10n_kzc_temp_chart","account.data_account_type_other_income"
"pcg_73971","Transfert - Charges d'intérêts","73971","False","l10n_kzc_temp_chart","account.data_account_type_other_income"
"pcg_73973","Transfert - Pertes de change","73973","False","l10n_kzc_temp_chart","account.data_account_type_other_income"
"pcg_73978","Transfert - Autres charges financières","73978","False","l10n_kzc_temp_chart","account.data_account_type_other_income"
"pcg_7398","Reprises sur dotations financières des exercices antérieurs","7398","False","l10n_kzc_temp_chart","account.data_account_type_other_income"
"pcg_7512","Produits des cessions des immobilisations incorporelles","7512","False","l10n_kzc_temp_chart","account.data_account_type_other_income"
"pcg_7513","Produits des cessions des immobilisations corporelles","7513","False","l10n_kzc_temp_chart","account.data_account_type_other_income"
"pcg_7514","Produits des cessions des immobilisations financières (droits de propriété)","7514","False","l10n_kzc_temp_chart","account.data_account_type_other_income"
"pcg_7518","Produits des cessions des immobilisations des exercices antérieurs","7518","False","l10n_kzc_temp_chart","account.data_account_type_other_income"
"pcg_7561","Subventions d'équilibre reçues de l'exercice","7561","False","l10n_kzc_temp_chart","account.data_account_type_other_income"
"pcg_7568","Subventions d'équilibre reçues des exercices antérieurs","7568","False","l10n_kzc_temp_chart","account.data_account_type_other_income"
"pcg_7577","Reprises sur subventions d'investissement de l'exercice","7577","False","l10n_kzc_temp_chart","account.data_account_type_other_income"
"pcg_7578","Reprises sur subventions d'investissement des exercices antérieurs","7578","False","l10n_kzc_temp_chart","account.data_account_type_other_income"
"pcg_75811","Pénalités reçues sur marchés","75811","False","l10n_kzc_temp_chart","account.data_account_type_other_income"
"pcg_75812","Dédits reçus","75812","False","l10n_kzc_temp_chart","account.data_account_type_other_income"
"pcg_7582","Dégrèvement d'impôts (autres que l'impôt sur les résultats)","7582","False","l10n_kzc_temp_chart","account.data_account_type_other_income"
"pcg_7585","Rentrées sur créances soldées","7585","False","l10n_kzc_temp_chart","account.data_account_type_other_income"
"pcg_75861","Dons","75861","False","l10n_kzc_temp_chart","account.data_account_type_other_income"
"pcg_75862","Libéralités","75862","False","l10n_kzc_temp_chart","account.data_account_type_other_income"
"pcg_75863","Lots","75863","False","l10n_kzc_temp_chart","account.data_account_type_other_income"
"pcg_7588","Autres produits non courants des exercices antérieurs","7588","False","l10n_kzc_temp_chart","account.data_account_type_other_income"
"pcg_75911","R,A,E des immobilisations en non valeur","75911","False","l10n_kzc_temp_chart","account.data_account_type_other_income"
"pcg_75912","R,A,E des immobilisations incorporelles","75912","False","l10n_kzc_temp_chart","account.data_account_type_other_income"
"pcg_75913","R,A,E des immobilisations corporelles","75913","False","l10n_kzc_temp_chart","account.data_account_type_other_income"
"pcg_75941","Reprises sur amortissements dérogatoires","75941","False","l10n_kzc_temp_chart","account.data_account_type_other_income"
"pcg_75942","Reprises sur plus-values en instance d'imposition","75942","False","l10n_kzc_temp_chart","account.data_account_type_other_income"
"pcg_75944","Reprises sur provisions pour investissements","75944","False","l10n_kzc_temp_chart","account.data_account_type_other_income"
"pcg_75945","Reprises sur provisions pour reconstitution de gisements","75945","False","l10n_kzc_temp_chart","account.data_account_type_other_income"
"pcg_75946","Reprises sur provisions pour acquisition et construction de logements","75946","False","l10n_kzc_temp_chart","account.data_account_type_other_income"
"pcg_75955","Reprises sur provisions pour risques et charges durables","75955","False","l10n_kzc_temp_chart","account.data_account_type_other_income"
"pcg_75957","Reprises sur provisions pour risques et charges momentanés","75957","False","l10n_kzc_temp_chart","account.data_account_type_other_income"
"pcg_75962","R,N,C sur provisions pour dépréciation de l'actif immobilisé","75962","False","l10n_kzc_temp_chart","account.data_account_type_other_income"
"pcg_75963","R,N,C sur provisions pour dépréciation de l'actif circulant","75963","False","l10n_kzc_temp_chart","account.data_account_type_other_income"
"pcg_7597","Transferts de charges non courantes","7597","False","l10n_kzc_temp_chart","account.data_account_type_other_income"
"pcg_7598","Reprises non courantes des exercices antérieurs.","7598","False","l10n_kzc_temp_chart","account.data_account_type_other_income"
